[
	{
		"Code": "8VM",
		"ModelDescription": "A3 Sport Sedan",
		"MakeCode": "60",
		"Make": "AUDI",
		"EngineDisplacement": null,
		"PowerPS": null,
		"PowerKW": null,
		"CombinedFuelConsumption": 0.0,
		"CO2EmissionCombined": 0.0,
		"Family": "A3 Sport Sedan",
		"ParentModelCode": "60",
		"ParentModelDescription": null,
		"VAT": null,
		"PriceBeforeTaxes": 0,
		"RegistrationTax": 0,
		"Price": 12400,
		"Photo": "8UG.jpg",
		"Level": 1,
		"ROW": 1
      },
	{
		"Code": "8UG",
		"ModelDescription": "Q3",
		"MakeCode": "60",
		"Make": "AUDI",
		"EngineDisplacement": null,
		"PowerPS": null,
		"PowerKW": null,
		"CombinedFuelConsumption": 0.0,
		"CO2EmissionCombined": 0.0,
		"Family": "Q3",
		"ParentModelCode": "60",
		"ParentModelDescription": null,
		"VAT": null,
		"PriceBeforeTaxes": 0,
		"RegistrationTax": 0,
		"Price": 16000,
		"Photo": null,
		"Level": 1,
		"ROW": 1
      }
   ]
