[
	{
		"Code": "8XFA14",
		"ModelDescription": "A1 Sportback 1.6 TDI (5 ταχύτητες)",
		"MakeCode": "60",
		"Make": "AUDI",
		"EngineDisplacement": "1598",
		"PowerPS": 116,
		"PowerKW": null,
		"CombinedFuelConsumption": 3.7,
		"CO2EmissionCombined": 92.0,
		"Family": "A1 Sportback",
		"ParentModelCode": "8XF",
		"ParentModelDescription": null,
		"VAT": null,
		"PriceBeforeTaxes": 0.0,
		"RegistrationTax": 0,
		"Price": null,
		"Photo": "8XF.jpg",
		"Level": 2,
		"ROW": 1
      },
	{
		"Code": "8XFAS4",
		"ModelDescription": "A1 Sportback 1.0 TFSI (5 ταχύτητες)",
		"MakeCode": "60",
		"Make": "AUDI",
		"EngineDisplacement": "999",
		"PowerPS": 95,
		"PowerKW": null,
		"CombinedFuelConsumption": 4.2,
		"CO2EmissionCombined": 97.0,
		"Family": "A1 Sportback",
		"ParentModelCode": "8XF",
		"ParentModelDescription": null,
		"VAT": null,
		"PriceBeforeTaxes": 0.0,
		"RegistrationTax": 0,
		"Price": 18600.0,
		"Photo": "8XF.jpg",
		"Level": 2,
		"ROW": 1

      }
]
